experiment,feature_group,threshold,accuracy,precision,recall,f1,confusion_matrix,roc_auc
ablation,vitals_only,0.31999999999999995,0.8666666666666667,0.9,0.9,0.9,"[[16, 4], [4, 36]]",0.9412499999999999
ablation,demographics_only,0.29,0.75,0.7551020408163265,0.925,0.8314606741573034,"[[8, 12], [3, 37]]",0.82125
ablation,all,0.15999999999999998,0.9166666666666666,0.9069767441860465,0.975,0.9397590361445783,"[[16, 4], [1, 39]]",0.97625
