experiment,feature_group,threshold,accuracy,precision,recall,f1,confusion_matrix,roc_auc
ablation,vitals_only,0.25999999999999995,0.8666666666666667,0.9,0.9,0.9,"[[16, 4], [4, 36]]",0.9412499999999999
ablation,demographics_only,0.24,0.7,0.7037037037037037,0.95,0.8085106382978723,"[[4, 16], [2, 38]]",0.8175
ablation,all,0.24,0.9,0.925,0.925,0.925,"[[17, 3], [3, 37]]",0.97875
