experiment,feature_group,accuracy,precision,recall,f1,confusion_matrix,roc_auc
ablation,vitals_only,0.9629629629629629,0.95,1.0,0.9743589743589743,"[[7, 1], [0, 19]]",0.9868421052631579
ablation,demographics_only,0.7037037037037037,0.7037037037037037,1.0,0.8260869565217391,"[[0, 8], [0, 19]]",0.39473684210526316
ablation,all,0.9629629629629629,0.95,1.0,0.9743589743589743,"[[7, 1], [0, 19]]",0.993421052631579
