experiment,model,accuracy,precision,recall,f1,confusion_matrix,roc_auc
model_compare,logistic_regression,0.8888888888888888,0.9,0.9473684210526315,0.9230769230769231,"[[6, 2], [1, 18]]",0.9144736842105263
model_compare,mlp,0.9629629629629629,0.95,1.0,0.9743589743589743,"[[7, 1], [0, 19]]",0.9868421052631579
