experiment,model,threshold,accuracy,precision,recall,f1,confusion_matrix,roc_auc
model_compare,logistic_regression,0.37999999999999995,0.8166666666666667,0.8372093023255814,0.9,0.8674698795180723,"[[13, 7], [4, 36]]",0.9312499999999999
model_compare,mlp,0.27999999999999997,0.85,0.8780487804878049,0.9,0.8888888888888888,"[[15, 5], [4, 36]]",0.93125
model_compare,ems_classifier,0.24,0.8833333333333333,0.9230769230769231,0.9,0.9113924050632911,"[[17, 3], [4, 36]]",0.96875
